id,first_name,last_name,email,gender,state,support_score
1,Kristi,Hurdle,khurdle0@omniture.com,Female,NY,0.142
2,Eachelle,Bermingham,ebermingham1@cocolog-nifty.com,Female,NV,0.468
3,Drusilla,Waymont,dwaymont2@ucla.edu,Female,DC,0.359
4,Sutherlan,Morrill,smorrill3@latimes.com,Male,GA,0.647
5,Eden,Dawidowicz,edawidowicz4@spiegel.de,Female,GA,0.488
6,Kimbell,Boydon,kboydon5@yellowbook.com,Male,DC,0.74
7,Robers,Collet,rcollet6@delicious.com,Male,MA,0.827
8,Madalena,Chiswell,mchiswell7@webs.com,Female,FL,0.913
9,Noelle,Reichelt,nreichelt8@timesonline.co.uk,Female,UT,0.577
10,Killy,Roblou,kroblou9@t-online.de,Male,DC,0.228
11,Clary,Espada,cespadaa@foxnews.com,Female,KY,0.768
12,Errick,Spellissy,espellissyb@furl.net,Male,OH,0.234
13,Mario,McGiveen,mmcgiveenc@cbsnews.com,Male,DC,0.6
14,Kali,Thorne,kthorned@sciencedaily.com,Female,DC,0.776
15,Darin,Patershall,dpatershalle@miibeian.gov.cn,Male,FL,0.46
16,Selma,Agass,sagassf@geocities.jp,Female,CA,0.171
17,Appolonia,Raise,araiseg@mayoclinic.com,Female,MN,0.351
18,Ring,Kimmings,rkimmingsh@ucla.edu,Male,OK,0.189
19,Adriena,Barck,abarcki@forbes.com,Female,MN,0.959
20,Bond,Bony,bbonyj@unicef.org,Male,NY,0.29
21,Kimmie,Danko,kdankok@huffingtonpost.com,Female,TX,0.409
22,Hobart,Sunshine,hsunshinel@constantcontact.com,Male,FL,0.36
23,Jaime,Tremmel,jtremmelm@soup.io,Female,OH,0.568
24,John,Leyzell,jleyzelln@washingtonpost.com,Male,FL,0.439
25,Ty,Meert,tmeerto@nbcnews.com,Male,PA,0.94
26,Jourdan,Vezey,jvezeyp@51.la,Female,VT,0.676
27,Lorne,Furze,lfurzeq@columbia.edu,Male,VA,0.481
28,Reggis,Twiddle,rtwiddler@networkadvertising.org,Male,NC,0.394
29,Gratia,Champniss,gchampnisss@cbsnews.com,Female,NY,0.124
30,Moises,Ibbitt,mibbittt@topsy.com,Male,AZ,0.212
31,Nata,Wardroper,nwardroperu@chicagotribune.com,Female,TX,0.172
32,Welby,Paiton,wpaitonv@technorati.com,Male,UT,0.139
33,Frank,Biasotti,fbiasottiw@netlog.com,Female,AL,0.909
34,Wolfy,Kinnaird,wkinnairdx@quantcast.com,Male,NV,0.466
35,Barbey,Rainbow,brainbowy@sitemeter.com,Female,CA,0.421
36,Gael,De Cristofalo,gdecristofaloz@constantcontact.com,Male,VA,0.309
37,Isac,Mitcham,imitcham10@hexun.com,Male,IL,0.624
38,Ave,Puddicombe,apuddicombe11@vimeo.com,Male,CA,0.98
39,Eulalie,Burder,eburder12@deviantart.com,Female,IN,0.704
40,Mellisa,Reynoldson,mreynoldson13@g.co,Female,CO,0.022
41,Montgomery,Warratt,mwarratt14@twitpic.com,Male,MD,0.377
42,Othilie,Matiebe,omatiebe15@twitter.com,Female,OH,0.743
43,Kathrine,Terrazzo,kterrazzo16@slideshare.net,Female,IL,0.811
44,Felipe,Coley,fcoley17@cnet.com,Male,CA,0.457
45,Sarena,Beatson,sbeatson18@howstuffworks.com,Female,GA,0.177
46,Garvy,Schruyer,gschruyer19@npr.org,Male,MI,0.614
47,Mal,Jina,mjina1a@mayoclinic.com,Male,IL,0.479
48,Free,Shearn,fshearn1b@hibu.com,Male,HI,0.709
49,Cyrus,Ollenbuttel,collenbuttel1c@angelfire.com,Male,TX,0.367
50,Albina,LeEstut,aleestut1d@sitemeter.com,Female,VA,0.827
51,Wood,Eberlein,weberlein1e@shop-pro.jp,Male,AZ,0.211
52,Stanly,Evered,severed1f@netvibes.com,Male,FL,0.615
53,Brunhilda,Tizzard,btizzard1g@usatoday.com,Female,CA,0.631
54,Ibby,Brockbank,ibrockbank1h@github.com,Female,MN,0.666
55,Franklyn,Ducrow,fducrow1i@techcrunch.com,Male,OH,0.08
56,Agnola,Meininking,ameininking1j@howstuffworks.com,Female,FL,0.865
57,Isidro,Dowse,idowse1k@hubpages.com,Male,DC,0.448
58,Massimo,Heatley,mheatley1l@qq.com,Male,MN,0.626
59,Cris,Harmant,charmant1m@slideshare.net,Male,CT,0.202
60,Monika,Foystone,mfoystone1n@state.gov,Female,TX,0.96
61,Simone,Lydiate,slydiate1o@dedecms.com,Male,TX,0.347
62,Walt,Hills,whills1p@dmoz.org,Male,TX,0.567
63,Mohandas,Dallender,mdallender1q@chron.com,Male,IN,0.615
64,Florie,Rambaut,frambaut1r@amazon.co.uk,Female,DC,0.918
65,Shelden,Huson,shuson1s@sbwire.com,Male,PA,0.799
66,Granny,Eland,geland1t@about.com,Male,MO,0.12
67,Bernadene,Schellig,bschellig1u@engadget.com,Female,IN,0.543
68,Brittany,Rotter,brotter1v@edublogs.org,Female,NY,0.76
69,Shermy,Burmingham,sburmingham1w@jiathis.com,Male,CA,0.127
70,Ruth,Yellowlea,ryellowlea1x@opera.com,Female,TX,0.119
71,Merla,Confait,mconfait1y@blinklist.com,Female,MA,0.053
72,Bobbi,Steckings,bsteckings1z@elegantthemes.com,Female,MN,0.268
73,Cecily,Pearsey,cpearsey20@symantec.com,Female,FL,0.747
74,Zacharie,Dunseath,zdunseath21@mapy.cz,Male,VA,0.867
75,Cristobal,Simison,csimison22@tumblr.com,Male,IL,0.371
76,Romeo,Durrand,rdurrand23@tinypic.com,Male,MA,0.703
77,Opalina,Brockton,obrockton24@thetimes.co.uk,Female,NY,0.233
78,Hendrika,Ajean,hajean25@addthis.com,Female,MT,0.357
79,Powell,Georgievski,pgeorgievski26@unicef.org,Male,MA,0.41
80,Timotheus,Birchall,tbirchall27@xinhuanet.com,Male,FL,0.243
81,Tildy,Veitch,tveitch28@facebook.com,Female,IA,0.413
82,Sherie,McKeeman,smckeeman29@slate.com,Female,TX,0.233
83,Lev,Lippingwell,llippingwell2a@google.com.br,Male,NJ,0.246
84,Hasheem,Berndtsson,hberndtsson2b@craigslist.org,Male,MT,0.933
85,Tymothy,Orr,torr2c@blog.com,Male,PA,0.808
86,Buffy,Clive,bclive2d@marketwatch.com,Female,GA,0.821
87,Ashly,Dougan,adougan2e@jalbum.net,Female,DC,0.566
88,Joleen,Soigoux,jsoigoux2f@mozilla.com,Female,MN,0.129
89,Carey,Davitashvili,cdavitashvili2g@umich.edu,Male,NJ,0.683
90,Jillane,Sambedge,jsambedge2h@elegantthemes.com,Female,TX,0.717
91,Viva,Gye,vgye2i@dot.gov,Female,NC,0.384
92,Adrianne,Egar,aegar2j@google.com,Female,VA,0.872
93,Issiah,Aymerich,iaymerich2k@cbslocal.com,Male,IL,0.772
94,Jerrie,Bimson,jbimson2l@wisc.edu,Female,MI,0.516
95,Zacharias,Mc Andrew,zmcandrew2m@bbb.org,Male,NV,0.025
96,Oneida,Trude,otrude2n@mozilla.com,Female,NY,0.149
97,Rurik,Grinley,rgrinley2o@google.ru,Male,VT,0.127
98,Domini,Portis,dportis2p@berkeley.edu,Female,NY,0.403
99,Jarad,Ruffli,jruffli2q@networksolutions.com,Male,NV,0.438
100,Aurlie,Kernoghan,akernoghan2r@biglobe.ne.jp,Female,NY,0.045
101,Egon,Epp,eepp2s@hhs.gov,Male,NV,0.41
102,Halsy,Covelle,hcovelle2t@archive.org,Male,CA,0.415
103,Douglas,Marriott,dmarriott2u@ucla.edu,Male,AK,0.354
104,Latrina,McTeague,lmcteague2v@tinyurl.com,Female,TX,0.456
105,Tammie,Cossins,tcossins2w@1und1.de,Male,MA,0.649
106,Alexandra,Bridgeman,abridgeman2x@ocn.ne.jp,Female,FL,0.727
107,Travus,McNelly,tmcnelly2y@weather.com,Male,TN,0.259
108,Rafferty,Rattray,rrattray2z@youtube.com,Male,TX,0.226
109,Goldie,Renihan,grenihan30@4shared.com,Female,AZ,0.99
110,Derrick,Morrall,dmorrall31@surveymonkey.com,Male,NY,0.265
111,Elvis,Harbinson,eharbinson32@noaa.gov,Male,DC,0.763
112,Erda,Randal,erandal33@cnn.com,Female,VA,0.866
113,Jordana,O' Neligan,joneligan34@marketwatch.com,Female,TX,0.762
114,Petunia,Salkeld,psalkeld35@thetimes.co.uk,Female,CA,0.488
115,Eben,Tunbridge,etunbridge36@posterous.com,Male,KY,0.075
116,Hakim,O'Dowling,hodowling37@earthlink.net,Male,AZ,0.944
117,Geoffrey,Harrap,gharrap38@amazon.co.jp,Male,IA,0.8
118,Niven,Tomenson,ntomenson39@opera.com,Male,KS,0.445
119,Evaleen,McIlveen,emcilveen3a@google.nl,Female,NY,0.833
120,Prudy,Reasce,preasce3b@issuu.com,Female,AR,0.115
121,Christen,Janda,cjanda3c@webnode.com,Female,AZ,0.387
122,Hamilton,Keaveny,hkeaveny3d@histats.com,Male,WA,0.998
123,Thaxter,Blaise,tblaise3e@rambler.ru,Male,NY,0.19
124,Gallagher,Bellie,gbellie3f@de.vu,Male,PA,0.518
125,Erroll,Helsdon,ehelsdon3g@woothemes.com,Male,TX,0.259
126,Law,Tommasi,ltommasi3h@marketwatch.com,Male,CA,0.206
127,Janeen,Mulligan,jmulligan3i@abc.net.au,Female,FL,0.878
128,Cass,Balkwill,cbalkwill3j@fotki.com,Male,TX,0.358
129,Aldin,Beaudry,abeaudry3k@nifty.com,Male,KS,0.736
130,Hollyanne,Zoanetti,hzoanetti3l@businessweek.com,Female,FL,0.257
131,Melania,Cady,mcady3m@nymag.com,Female,TX,0.322
132,Eleni,Persent,epersent3n@arizona.edu,Female,FL,0.651
133,Meg,Giannazzi,mgiannazzi3o@rakuten.co.jp,Female,CA,0.315
134,Rachelle,Meneer,rmeneer3p@gravatar.com,Female,CA,0.232
135,Dalt,Organer,dorganer3q@example.com,Male,MN,0.015
136,Eddy,Witchell,ewitchell3r@ed.gov,Male,IN,0.121
137,Gary,De Normanville,gdenormanville3s@addthis.com,Male,WA,0.434
138,Gibb,Gidman,ggidman3t@technorati.com,Male,GA,0.903
139,Kendell,Speechley,kspeechley3u@paginegialle.it,Male,IN,0.978
140,Aube,Bloggett,abloggett3v@cdc.gov,Male,TN,0.92
141,Creighton,Buxey,cbuxey3w@dedecms.com,Male,CA,0.17
142,Auguste,Matthiae,amatthiae3x@cbc.ca,Female,FL,0.988
143,Royal,Menendez,rmenendez3y@japanpost.jp,Male,TX,0.381
144,Haley,Lanning,hlanning3z@techcrunch.com,Male,FL,0.992
145,Marabel,Winckle,mwinckle40@answers.com,Female,NY,0.317
146,Haze,Goodredge,hgoodredge41@tinyurl.com,Male,AR,0.17
147,Betteanne,Bartoszewski,bbartoszewski42@webeden.co.uk,Female,CA,0.831
148,Marchall,Spurryer,mspurryer43@weebly.com,Male,NY,0.567
149,Farrell,Winterton,fwinterton44@slate.com,Male,VA,0.989
150,Giff,Satterthwaite,gsatterthwaite45@discovery.com,Male,TX,0.303
151,Temp,Pettigrew,tpettigrew46@tmall.com,Male,WV,0.322
152,Curran,Pead,cpead47@sogou.com,Male,NE,0.61
153,Tybi,Timewell,ttimewell48@wikimedia.org,Female,WA,0.074
154,Constantin,Tetford,ctetford49@google.co.uk,Male,SD,0.01
155,Kattie,Petrovsky,kpetrovsky4a@homestead.com,Female,NY,0.323
156,Rosanna,Wykes,rwykes4b@clickbank.net,Female,CA,0.288
157,Lynett,Errey,lerrey4c@skype.com,Female,AR,0.199
158,Devon,Warbys,dwarbys4d@nature.com,Female,MS,0.125
159,Charlene,Hurtic,churtic4e@e-recht24.de,Female,CA,0.288
160,Jorgan,Jovey,jjovey4f@stumbleupon.com,Male,DC,0.851
161,Dionysus,Janous,djanous4g@businesswire.com,Male,TX,0.27
162,Bamby,Woodburn,bwoodburn4h@odnoklassniki.ru,Female,OR,0.44
163,Nolly,Mills,nmills4i@ebay.com,Male,OR,0.154
164,Etta,Josum,ejosum4j@reuters.com,Female,FL,0.696
165,Elisabet,Longthorne,elongthorne4k@amazonaws.com,Female,NY,0.531
166,Reynolds,MacDonnell,rmacdonnell4l@shinystat.com,Male,KY,0.636
167,Cad,Devitt,cdevitt4m@washingtonpost.com,Male,AZ,0.011
168,Reamonn,Gitting,rgitting4n@last.fm,Male,TX,0.721
169,Paulie,Clifft,pclifft4o@prnewswire.com,Female,AZ,0.811
170,Janot,Cudbird,jcudbird4p@typepad.com,Female,NE,0.131
171,Patricia,Simonato,psimonato4q@skyrock.com,Female,OR,0.008
172,Murry,Duchateau,mduchateau4r@behance.net,Male,OK,0.237
173,Cally,Aguilar,caguilar4s@xrea.com,Female,LA,0.412
174,Sofia,Kik,skik4t@auda.org.au,Female,GA,0.605
175,Minna,Gwinnett,mgwinnett4u@cisco.com,Female,TX,0.402
176,Shaun,Chesser,schesser4v@nba.com,Male,NJ,0.768
177,Britt,Slyman,bslyman4w@squidoo.com,Male,OH,0.236
178,Nanine,Johanchon,njohanchon4x@elegantthemes.com,Female,GA,0.583
179,Raynard,Lilford,rlilford4y@cbslocal.com,Male,NY,0.745
180,Noel,Crowther,ncrowther4z@slate.com,Male,OH,0.321
181,Myrtice,Macewan,mmacewan50@indiatimes.com,Female,TX,0.997
182,Otto,Sneaker,osneaker51@ted.com,Male,NE,0.185
183,Hurlee,Rowen,hrowen52@abc.net.au,Male,NY,0.578
184,Robinett,Treneman,rtreneman53@domainmarket.com,Female,MO,0.54
185,Hyacinthe,Wills,hwills54@shutterfly.com,Female,IA,0.904
186,Nicola,Pryer,npryer55@baidu.com,Male,OH,0.992
187,Kendal,Bohlsen,kbohlsen56@pagesperso-orange.fr,Male,FL,0.572
188,Colleen,Wilbore,cwilbore57@tmall.com,Female,MO,0.353
189,Kinsley,O' Mahony,komahony58@google.nl,Male,CA,0.275
190,Birgitta,McGuiney,bmcguiney59@marriott.com,Female,CO,0.715
191,Wilma,Ruste,wruste5a@nasa.gov,Female,MO,0.533
192,Amelina,Moline,amoline5b@paginegialle.it,Female,LA,0.427
193,Isobel,Lownie,ilownie5c@theglobeandmail.com,Female,CT,0.709
194,Dean,Spittall,dspittall5d@google.it,Male,MN,0.525
195,Milka,Moggle,mmoggle5e@stanford.edu,Female,WI,0.999
196,Layton,Perrat,lperrat5f@dell.com,Male,AL,0.294
197,Corrianne,Geffinger,cgeffinger5g@scientificamerican.com,Female,MA,0.069
198,Marlo,Tolson,mtolson5h@live.com,Male,AL,0.665
199,Iggy,Matteini,imatteini5i@issuu.com,Male,WA,0.837
200,Timmi,Hampstead,thampstead5j@imdb.com,Female,ID,0.817
201,Pedro,Van Baaren,pvanbaaren5k@amazon.co.jp,Male,AZ,0.721
202,Karlan,Klimp,kklimp5l@hatena.ne.jp,Male,NV,0.265
203,Lorita,Bleier,lbleier5m@nhs.uk,Female,CO,0.464
204,Stillman,Elliker,selliker5n@berkeley.edu,Male,NY,0.855
205,Chloe,Freschi,cfreschi5o@mysql.com,Female,CA,0.46
206,Wesley,Balfre,wbalfre5p@netscape.com,Male,IA,0.629
207,Star,Threader,sthreader5q@prlog.org,Female,NC,0.93
208,Killy,Nancarrow,knancarrow5r@drupal.org,Male,AZ,0.503
209,Catina,Balchen,cbalchen5s@google.ru,Female,LA,0.919
210,Odette,Rodder,orodder5t@cocolog-nifty.com,Female,WV,0.358
211,Harry,Anfusso,hanfusso5u@sohu.com,Male,PA,0.994
212,Marina,Reimer,mreimer5v@123-reg.co.uk,Female,UT,0.659
213,Adrianna,Livett,alivett5w@biblegateway.com,Female,FL,0.564
214,Humberto,Pope,hpope5x@rakuten.co.jp,Male,SD,0.5
215,Rasla,Ivankovic,rivankovic5y@zdnet.com,Female,FL,0.758
216,Dewain,Woodwind,dwoodwind5z@washington.edu,Male,PA,0.607
217,Jecho,Walshe,jwalshe60@lulu.com,Male,IN,0.45
218,Clayborne,Gouch,cgouch61@opera.com,Male,CA,0.042
219,Sander,Mathou,smathou62@nhs.uk,Male,AL,0.858
220,Raymund,Abrahamsen,rabrahamsen63@example.com,Male,CA,0.918
221,Carlin,Mathivat,cmathivat64@yolasite.com,Male,FL,0.403
222,Floris,Pletts,fpletts65@dot.gov,Female,CO,0.343
223,Ody,Luparti,oluparti66@paginegialle.it,Male,NH,0.982
224,Tobiah,Erdely,terdely67@usatoday.com,Male,TX,0.202
225,Minne,Negal,mnegal68@gravatar.com,Female,FL,0.258
226,Marmaduke,Williscroft,mwilliscroft69@microsoft.com,Male,AL,0.083
227,Gorden,Spere,gspere6a@ed.gov,Male,NY,0.874
228,Lanny,Leglise,lleglise6b@uol.com.br,Male,NY,0.33
229,Loy,Habberjam,lhabberjam6c@oaic.gov.au,Male,VA,0.383
230,Monica,Bath,mbath6d@t.co,Female,TX,0.837
231,Ajay,Longina,alongina6e@sakura.ne.jp,Female,FL,0.462
232,Rebecca,Pinks,rpinks6f@irs.gov,Female,NY,0.964
233,Silvia,Kemball,skemball6g@go.com,Female,MO,0.247
234,Roderich,Macilhench,rmacilhench6h@joomla.org,Male,NC,0.49
235,Terri-jo,Mansour,tmansour6i@cnbc.com,Female,CA,0.597
236,Marybelle,Blackman,mblackman6j@theglobeandmail.com,Female,CA,0.642
237,Pacorro,Rozanski,prozanski6k@buzzfeed.com,Male,IL,0.248
238,Lucila,Jeffries,ljeffries6l@dion.ne.jp,Female,PA,0.621
239,Gertrude,Vanacci,gvanacci6m@ucoz.ru,Female,MN,0.841
240,Nicko,Ferrea,nferrea6n@tiny.cc,Male,AL,0.907
241,Linn,Barnfather,lbarnfather6o@privacy.gov.au,Female,CA,0.435
242,Frayda,Broadfoot,fbroadfoot6p@intel.com,Female,CA,0.877
243,Laural,Duinkerk,lduinkerk6q@a8.net,Female,HI,0.299
244,Klemens,Buttner,kbuttner6r@seesaa.net,Male,WA,0.872
245,Levey,Millhouse,lmillhouse6s@census.gov,Male,OH,0.153
246,Aggie,Pottes,apottes6t@simplemachines.org,Female,TX,0.86
247,Christoforo,Ledes,cledes6u@bandcamp.com,Male,CA,0.43
248,Karlee,Bentham3,kbentham6v@nymag.com,Female,TX,0.828
249,Karilynn,Mustchin,kmustchin6w@apple.com,Female,WI,0.861
250,Arv,O'Hone,aohone6x@histats.com,Male,MN,0.787
251,Lizzy,Grieves,lgrieves6y@webmd.com,Female,OH,0.316
252,Melany,Neathway,mneathway6z@vk.com,Female,MT,0.44
253,Quintana,Minchella,qminchella70@skype.com,Female,FL,0.288
254,Bernie,Uccello,buccello71@google.com.br,Male,TX,0.301
255,Mei,Dalgleish,mdalgleish72@state.gov,Female,MA,0.0
256,Tadeo,Pamphilon,tpamphilon73@cornell.edu,Male,FL,0.036
257,Valenka,Ghiron,vghiron74@nyu.edu,Female,TX,0.791
258,Georgena,Ezzle,gezzle75@cargocollective.com,Female,NV,0.411
259,Lisette,Meeks,lmeeks76@chronoengine.com,Female,CA,0.34
260,Boone,Shorland,bshorland77@alibaba.com,Male,PA,0.416
261,Dinnie,Tax,dtax78@newyorker.com,Female,OK,0.117
262,Prissie,Dalbey,pdalbey79@answers.com,Female,OH,0.333
263,Binky,MacBarron,bmacbarron7a@twitpic.com,Male,OH,0.683
264,Zechariah,McCromley,zmccromley7b@paginegialle.it,Male,CA,0.745
265,Dinah,Jakoubek,djakoubek7c@hao123.com,Female,AZ,0.539
266,Haslett,Castel,hcastel7d@ameblo.jp,Male,PA,0.508
267,Fredrick,Bone,fbone7e@vinaora.com,Male,AK,0.071
268,Granger,Cantillion,gcantillion7f@abc.net.au,Male,AZ,0.527
269,Deerdre,Leere,dleere7g@noaa.gov,Female,KS,0.297
270,Dawn,Jilliss,djilliss7h@wikia.com,Female,FL,0.832
271,Jonis,Quidenham,jquidenham7i@abc.net.au,Female,GA,0.931
272,Arabella,Gibbens,agibbens7j@blogspot.com,Female,MI,0.916
273,Hervey,Jeffcock,hjeffcock7k@oracle.com,Male,CA,0.319
274,Caterina,Francescozzi,cfrancescozzi7l@nyu.edu,Female,WV,0.143
275,Darn,Burdytt,dburdytt7m@ftc.gov,Male,TX,0.182
276,Daphne,Cordel,dcordel7n@newyorker.com,Female,CT,0.903
277,Isobel,Yitzhakof,iyitzhakof7o@nasa.gov,Female,TX,0.199
278,Zachary,Lunny,zlunny7p@amazon.com,Male,CA,0.592
279,Vallie,Archibald,varchibald7q@google.ca,Female,CA,0.267
280,Demetris,Margetts,dmargetts7r@goo.gl,Female,TX,0.023
281,Zuzana,McCarlich,zmccarlich7s@guardian.co.uk,Female,CA,0.777
282,Baldwin,Maddams,bmaddams7t@vimeo.com,Male,CO,0.356
283,Neely,Apark,napark7u@ifeng.com,Female,OR,0.354
284,Silvanus,Winterscale,swinterscale7v@altervista.org,Male,CO,0.129
285,Fabio,Bankes,fbankes7w@tiny.cc,Male,TX,0.77
286,Daveta,Lamba,dlamba7x@ibm.com,Female,TX,0.804
287,Catlin,Surgison,csurgison7y@a8.net,Female,LA,0.591
288,Vance,Waddy,vwaddy7z@apple.com,Male,MD,0.685
289,Nixie,Trafford,ntrafford80@seesaa.net,Female,AZ,0.241
290,Ketty,Sellar,ksellar81@phoca.cz,Female,CA,0.995
291,Flss,Millson,fmillson82@xrea.com,Female,DC,0.497
292,Charil,Blandamore,cblandamore83@nifty.com,Female,CA,0.917
293,Donn,Woollett,dwoollett84@patch.com,Male,FL,0.311
294,Arther,Harsum,aharsum85@ustream.tv,Male,VA,0.075
295,Lek,Sighard,lsighard86@github.io,Male,MD,0.843
296,Hulda,Tidbold,htidbold87@pagesperso-orange.fr,Female,NJ,0.336
297,Boyce,Laxson,blaxson88@ft.com,Male,WA,0.129
298,Emanuele,Rodgers,erodgers89@huffingtonpost.com,Male,ID,0.347
299,Obadiah,Cavet,ocavet8a@army.mil,Male,DC,0.878
300,Katharyn,Kempstone,kkempstone8b@cdbaby.com,Female,AK,0.906
301,Germana,Vautrey,gvautrey8c@skype.com,Female,CA,0.622
302,Terry,Leathley,tleathley8d@issuu.com,Male,CA,0.381
303,Arlyn,Harrisson,aharrisson8e@wp.com,Female,CA,0.495
304,Caroline,Petrakov,cpetrakov8f@webs.com,Female,WA,0.735
305,Fitz,Van Halen,fvanhalen8g@desdev.cn,Male,IA,0.006
306,Darrell,Balfour,dbalfour8h@meetup.com,Male,VA,0.981
307,Jeniffer,Gerler,jgerler8i@tumblr.com,Female,CO,0.787
308,Laurent,Kisar,lkisar8j@woothemes.com,Male,KS,0.805
309,Hedwiga,Giacomozzo,hgiacomozzo8k@ucla.edu,Female,NV,0.244
310,Logan,Baglow,lbaglow8l@marriott.com,Male,FL,0.305
311,Blake,Greenwell,bgreenwell8m@buzzfeed.com,Female,UT,0.256
312,Drucill,Gravenell,dgravenell8n@wired.com,Female,TX,0.372
313,Abdel,Jorczyk,ajorczyk8o@hc360.com,Male,HI,0.613
314,Nicola,Wiggett,nwiggett8p@123-reg.co.uk,Male,GA,0.149
315,Brett,Khalid,bkhalid8q@mediafire.com,Female,FL,0.626
316,Marylou,Witt,mwitt8r@japanpost.jp,Female,AZ,0.66
317,Fred,Castles,fcastles8s@msu.edu,Male,VA,0.596
318,Blayne,Bayman,bbayman8t@mozilla.com,Male,OR,0.28
319,Ali,Ozelton,aozelton8u@google.ca,Female,NE,0.772
320,Lynda,Richt,lricht8v@163.com,Female,FL,0.549
321,Megan,Spence,mspence8w@cmu.edu,Female,CT,0.389
322,Nyssa,Fowlie,nfowlie8x@altervista.org,Female,FL,0.32
323,Nanny,Gaither,ngaither8y@whitehouse.gov,Female,CO,0.035
324,Justus,Boscott,jboscott8z@amazon.co.uk,Male,NE,0.104
325,Ellissa,Coke,ecoke90@jigsy.com,Female,AL,0.671
326,Yves,Tomasik,ytomasik91@shop-pro.jp,Male,IL,0.518
327,Aloise,Garfath,agarfath92@freewebs.com,Female,LA,0.42
328,Levon,Wheelwright,lwheelwright93@admin.ch,Male,CO,0.914
329,Farlay,Readhead,freadhead94@example.com,Male,WV,0.589
330,Carena,Scotchmer,cscotchmer95@blinklist.com,Female,MI,0.161
331,Gabi,Wehden,gwehden96@sakura.ne.jp,Male,DC,0.908
332,Franny,Romagosa,fromagosa97@plala.or.jp,Male,DC,0.71
333,Wilmer,Silverson,wsilverson98@meetup.com,Male,LA,0.918
334,Pebrook,Grimbaldeston,pgrimbaldeston99@arstechnica.com,Male,TX,0.524
335,Barbabas,Menguy,bmenguy9a@bigcartel.com,Male,DC,0.855
336,Vivia,Conichie,vconichie9b@w3.org,Female,NE,0.448
337,North,Parkman,nparkman9c@java.com,Male,TX,0.582
338,Verine,Elsmor,velsmor9d@ca.gov,Female,FL,0.413
339,Ingunna,Billington,ibillington9e@cbslocal.com,Female,CA,0.174
340,Jamill,Haffenden,jhaffenden9f@kickstarter.com,Male,FL,0.454
341,Reggi,Pizer,rpizer9g@topsy.com,Female,CA,0.098
342,Wilhelmine,Wombwell,wwombwell9h@reference.com,Female,CA,0.485
343,Garwin,Bernardo,gbernardo9i@goodreads.com,Male,CA,0.866
344,Valerye,Holah,vholah9j@shop-pro.jp,Female,TX,0.647
345,Riley,Gregory,rgregory9k@wiley.com,Male,NE,0.859
346,Moishe,Torritti,mtorritti9l@loc.gov,Male,AL,0.049
347,Boonie,Keneleyside,bkeneleyside9m@marriott.com,Male,TX,0.889
348,Harmon,Lowndsborough,hlowndsborough9n@naver.com,Male,CA,0.922
349,Melloney,Derington,mderington9o@howstuffworks.com,Female,NY,0.791
350,Aida,Roantree,aroantree9p@vk.com,Female,CA,0.811
351,Lilas,Muckleston,lmuckleston9q@lycos.com,Female,IL,0.005
352,Bert,Lackemann,blackemann9r@live.com,Male,CA,0.677
353,Jennica,Deverick,jdeverick9s@zimbio.com,Female,WA,0.87
354,Devin,Salterne,dsalterne9t@chron.com,Female,TX,0.793
355,Van,Metrick,vmetrick9u@nbcnews.com,Male,OR,0.249
356,Moe,Firth,mfirth9v@about.com,Male,TX,0.569
357,Haskel,Tuley,htuley9w@nymag.com,Male,KS,0.573
358,Ingar,Bowcock,ibowcock9x@biblegateway.com,Male,WI,0.819
359,Brennan,Lippingwell,blippingwell9y@businesswire.com,Male,MN,0.411
360,Bernita,Munby,bmunby9z@pcworld.com,Female,FL,0.543
361,Modestia,Whistlecroft,mwhistlecrofta0@google.co.jp,Female,KY,0.985
362,Sheila-kathryn,Ulster,sulstera1@issuu.com,Female,CA,0.879
363,Hedi,Dzeniskevich,hdzeniskevicha2@indiatimes.com,Female,CA,0.015
364,Yuma,Forkan,yforkana3@about.me,Male,NC,0.167
365,Ron,Blackmuir,rblackmuira4@bigcartel.com,Male,NC,0.777
366,Zola,Welchman,zwelchmana5@uiuc.edu,Female,MA,0.13
367,Aubrie,Van Der Hoog,avanderhooga6@columbia.edu,Female,NC,0.187
368,Aleen,Schwartz,aschwartza7@boston.com,Female,TX,0.163
369,Brennen,Petric,bpetrica8@furl.net,Male,TN,0.668
370,Jess,Van der Daal,jvanderdaala9@fotki.com,Female,VA,0.646
371,Lee,Gallaher,lgallaheraa@amazonaws.com,Female,CA,0.324
372,Gran,Burland,gburlandab@macromedia.com,Male,IL,0.345
373,Alissa,Crampsy,acrampsyac@soundcloud.com,Female,CO,0.51
374,Caryn,Vinnicombe,cvinnicombead@de.vu,Female,FL,0.939
375,Jorry,Abelovitz,jabelovitzae@wikimedia.org,Female,NY,0.26
376,Alberik,Hardy-Piggin,ahardypigginaf@google.ru,Male,PA,0.8
377,Kasper,Veysey,kveyseyag@apache.org,Male,LA,0.547
378,Joey,Gregolotti,jgregolottiah@etsy.com,Male,DC,0.548
379,Briano,Warret,bwarretai@apple.com,Male,AL,0.969
380,Rhiamon,Tutchell,rtutchellaj@ted.com,Female,TX,0.824
381,Rene,Hammett,rhammettak@bizjournals.com,Male,WA,0.161
382,Horton,Comberbach,hcomberbachal@tumblr.com,Male,CA,0.666
383,Cale,Heater,cheateram@sfgate.com,Male,LA,0.867
384,Eustace,Laverick,elaverickan@google.ru,Male,CA,0.325
385,Meghan,Flescher,mflescherao@stanford.edu,Female,FL,0.039
386,Giff,Muat,gmuatap@ameblo.jp,Male,VA,0.575
387,Janice,Lyokhin,jlyokhinaq@goo.ne.jp,Female,AZ,0.192
388,Reba,Wilbud,rwilbudar@ning.com,Female,WA,0.739
389,Tyler,Tansley,ttansleyas@tumblr.com,Male,WV,0.851
390,Timofei,Bearne,tbearneat@icio.us,Male,OH,0.852
391,Tiphani,Father,tfatherau@ow.ly,Female,NY,0.16
392,Stacy,Von Welldun,svonwelldunav@opensource.org,Female,CO,0.564
393,Ugo,Remon,uremonaw@craigslist.org,Male,CA,0.788
394,Ellwood,Neath,eneathax@state.tx.us,Male,NY,0.284
395,Evelina,Whardley,ewhardleyay@walmart.com,Female,NY,0.742
396,Aron,Sego,asegoaz@cisco.com,Male,LA,0.211
397,Willyt,Turbat,wturbatb0@mail.ru,Female,VA,0.355
398,Abigale,Kondratenko,akondratenkob1@blogger.com,Female,NE,0.003
399,Nedi,Flannigan,nflanniganb2@telegraph.co.uk,Female,FL,0.824
400,Xaviera,Kringe,xkringeb3@vkontakte.ru,Female,MI,0.219
401,Becka,Mabbot,bmabbotb4@storify.com,Female,CA,0.299
402,Valentin,Bendle,vbendleb5@opensource.org,Male,GA,0.175
403,Jeramie,Leming,jlemingb6@sitemeter.com,Male,VA,0.405
404,Wolfy,Coltart,wcoltartb7@yahoo.co.jp,Male,GA,0.557
405,Vergil,Galletley,vgalletleyb8@theatlantic.com,Male,OH,0.869
406,Melita,Wallenger,mwallengerb9@amazon.co.uk,Female,MS,0.464
407,Teresina,Playle,tplayleba@oakley.com,Female,AK,0.597
408,Filippo,Fishenden,ffishendenbb@squidoo.com,Male,OK,0.475
409,Howie,Barringer,hbarringerbc@engadget.com,Male,LA,0.609
410,Cletis,Elverston,celverstonbd@hp.com,Male,NY,0.68
411,Frances,von Hagt,fvonhagtbe@google.cn,Female,WI,0.3
412,Kalle,Cumbridge,kcumbridgebf@uol.com.br,Male,FL,0.165
413,Jonathon,Heephy,jheephybg@youtube.com,Male,CA,0.591
414,Matteo,Eplett,meplettbh@amazon.co.uk,Male,KY,0.32
415,Desirae,Diche,ddichebi@mayoclinic.com,Female,MS,0.59
416,Lucian,Mawtus,lmawtusbj@icq.com,Male,FL,0.056
417,Rriocard,Siggers,rsiggersbk@hatena.ne.jp,Male,OH,0.332
418,Georgina,Hun,ghunbl@example.com,Female,AR,0.394
419,Tuck,Flynn,tflynnbm@deliciousdays.com,Male,MI,0.795
420,Allan,Fitch,afitchbn@desdev.cn,Male,TN,0.358
421,Janis,Blazdell,jblazdellbo@google.ru,Female,IA,0.407
422,Kevina,Scammell,kscammellbp@independent.co.uk,Female,MN,0.418
423,Derry,Spooner,dspoonerbq@mayoclinic.com,Male,CA,0.698
424,Elora,Rapport,erapportbr@google.co.uk,Female,CA,0.793
425,Foster,Pioch,fpiochbs@opensource.org,Male,DC,0.673
426,Jarib,Howorth,jhoworthbt@is.gd,Male,WA,0.427
427,Kiele,Kryzhov,kkryzhovbu@youtu.be,Female,NY,0.506
428,Ervin,Piwall,epiwallbv@stanford.edu,Male,SC,0.141
429,Rayshell,McMeekan,rmcmeekanbw@newyorker.com,Female,MN,0.299
430,Abel,Cathro,acathrobx@gizmodo.com,Male,VA,0.053
431,Cull,Danbi,cdanbiby@wordpress.org,Male,IN,0.882
432,Welch,Tolworthy,wtolworthybz@wufoo.com,Male,MD,0.727
433,Beltran,Rack,brackc0@istockphoto.com,Male,TX,0.468
434,Beverly,Etherington,betheringtonc1@webmd.com,Female,MO,0.57
435,Cyrille,Elham,celhamc2@springer.com,Male,VA,0.292
436,Minor,Calafato,mcalafatoc3@who.int,Male,MD,0.925
437,Felipe,Mathwin,fmathwinc4@nature.com,Male,AZ,0.03
438,Teena,Spight,tspightc5@pagesperso-orange.fr,Female,OH,0.369
439,Pandora,Osler,poslerc6@google.pl,Female,AR,0.851
440,Jodie,Feary,jfearyc7@ihg.com,Male,TX,0.194
441,Munmro,Hing,mhingc8@amazon.co.jp,Male,TX,0.001
442,Hyacinth,Emslie,hemsliec9@google.cn,Female,MS,0.268
443,Fidole,Vizor,fvizorca@studiopress.com,Male,TX,0.998
444,Isacco,Serot,iserotcb@qq.com,Male,TX,0.592
445,Beatrisa,Casey,bcaseycc@imageshack.us,Female,MN,0.169
446,Ludvig,Edgars,ledgarscd@sitemeter.com,Male,WV,0.905
447,Inglebert,Winchester,iwinchesterce@yolasite.com,Male,NY,0.482
448,Josefa,Petteford,jpettefordcf@amazon.co.uk,Female,DC,0.748
449,Avery,Stagg,astaggcg@flavors.me,Male,MN,0.96
450,Guthrie,Caseri,gcaserich@comsenz.com,Male,FL,0.49
451,Gerrilee,Ealles,geallesci@springer.com,Female,IN,0.336
452,Burl,Caulwell,bcaulwellcj@imageshack.us,Male,MI,0.716
453,Britt,Stanhope,bstanhopeck@moonfruit.com,Female,CA,0.203
454,Hubey,Necrews,hnecrewscl@artisteer.com,Male,AL,0.158
455,Judas,Lace,jlacecm@drupal.org,Male,NY,0.948
456,Berti,Condon,bcondoncn@nymag.com,Male,FL,0.784
457,Elset,Krauss,ekraussco@xinhuanet.com,Female,NM,0.607
458,Brena,MacKnockiter,bmacknockitercp@1688.com,Female,KY,0.134
459,Earvin,Fuggle,efugglecq@google.ca,Male,TX,0.74
460,Sean,Offer,soffercr@hhs.gov,Male,CA,0.699
461,Wilie,Gillan,wgillancs@ovh.net,Female,VA,0.632
462,Farris,Bristow,fbristowct@amazon.co.uk,Male,FL,0.506
463,Cross,Parkey,cparkeycu@nhs.uk,Male,NJ,0.35
464,Anatole,Thomesson,athomessoncv@si.edu,Male,IN,0.519
465,Auberon,Willmer,awillmercw@miibeian.gov.cn,Male,KS,0.761
466,Pail,Ruben,prubencx@spotify.com,Male,NY,0.972
467,Ivy,Hughlock,ihughlockcy@yahoo.com,Female,OH,0.146
468,Brig,Treven,btrevencz@usnews.com,Male,LA,0.989
469,Teri,Biset,tbisetd0@cdc.gov,Female,WV,0.235
470,Fancie,Gustus,fgustusd1@mit.edu,Female,AL,0.655
471,Ermanno,McCullen,emccullend2@clickbank.net,Male,WI,0.302
472,Renault,Twopenny,rtwopennyd3@g.co,Male,VA,0.985
473,Reamonn,Trinke,rtrinked4@wix.com,Male,AR,0.359
474,Milli,De Hailes,mdehailesd5@icio.us,Female,CA,0.304
475,Ursa,Corbally,ucorballyd6@prlog.org,Female,MA,0.579
476,Butch,Andrysiak,bandrysiakd7@about.me,Male,IN,0.02
477,Urbanus,Baptiste,ubaptisted8@lulu.com,Male,MS,0.466
478,Law,Greenroad,lgreenroadd9@sciencedaily.com,Male,TX,0.306
479,Portia,Idney,pidneyda@blogger.com,Female,UT,0.508
480,Dix,Szubert,dszubertdb@google.com,Female,MA,0.537
481,Vern,Cleeton,vcleetondc@cnbc.com,Male,AL,0.899
482,Tedie,Hurley,thurleydd@washington.edu,Male,NY,0.312
483,Mariquilla,Tysall,mtysallde@wufoo.com,Female,IN,0.807
484,Irene,Capstake,icapstakedf@deliciousdays.com,Female,NY,0.28
485,Mufi,Di Lucia,mdiluciadg@is.gd,Female,IL,0.497
486,Sheeree,Whettleton,swhettletondh@theglobeandmail.com,Female,OH,0.442
487,Darsie,Prophet,dprophetdi@exblog.jp,Female,TX,0.603
488,Dicky,Strotton,dstrottondj@yellowpages.com,Male,WA,0.794
489,Lorena,Cran,lcrandk@shinystat.com,Female,OH,0.577
490,Stacie,Pigney,spigneydl@berkeley.edu,Female,FL,0.724
491,Parrnell,Crutcher,pcrutcherdm@engadget.com,Male,NY,0.023
492,Cletus,Wallach,cwallachdn@sfgate.com,Male,FL,0.712
493,Coretta,Baxstar,cbaxstardo@house.gov,Female,NM,0.751
494,Gennifer,O'Dyvoie,godyvoiedp@hibu.com,Female,VA,0.574
495,Greta,Dalman,gdalmandq@weather.com,Female,IL,0.424
496,Elset,Ramsay,eramsaydr@samsung.com,Female,VA,0.919
497,Derick,Gorriessen,dgorriessends@census.gov,Male,CT,0.599
498,Stoddard,Bullant,sbullantdt@miitbeian.gov.cn,Female,LA,0.276
499,Garner,Dupree,gdupreedu@mediafire.com,Male,TN,0.644
500,Hortense,Eggleson,hegglesondv@wsj.com,Female,TX,0.076
501,Germayne,Mauchline,gmauchlinedw@elpais.com,Male,AK,0.405
502,Lark,Dukes,ldukesdx@marriott.com,Female,WI,0.547
503,Shirl,Cornfoot,scornfootdy@nifty.com,Female,TX,0.182
504,Rabbi,Gluyas,rgluyasdz@lulu.com,Male,TN,0.171
505,Maridel,Van den Hof,mvandenhofe0@engadget.com,Female,TX,0.987
506,Thalia,Pietranek,tpietraneke1@discovery.com,Female,TX,0.216
507,Hewie,Cammish,hcammishe2@blogtalkradio.com,Male,DC,0.385
508,Vidovik,Seamer,vseamere3@bravesites.com,Male,TX,0.219
509,Derick,Perch,dperche4@ca.gov,Male,TX,0.764
510,Berkeley,Treble,btreblee5@va.gov,Male,VA,0.926
511,Mirelle,Tiddy,mtiddye6@vkontakte.ru,Female,NY,0.773
512,Mickie,Greig,mgreige7@dyndns.org,Female,GA,0.55
513,Madonna,Sey,mseye8@google.nl,Female,CO,0.624
514,Kim,Othen,kothene9@wordpress.com,Female,AR,0.788
515,Alyce,Weddell,aweddellea@simplemachines.org,Female,FL,0.266
516,Corrina,Chiplin,cchiplineb@weibo.com,Female,CA,0.033
517,Allistir,Sapshed,asapshedec@vimeo.com,Male,MA,0.153
518,Paula,Standrin,pstandrined@china.com.cn,Female,NE,0.583
519,Blondelle,Scroggie,bscroggieee@phoca.cz,Female,TX,0.123
520,Ronnie,Mowatt,rmowattef@hatena.ne.jp,Female,MI,0.21
521,Tamiko,Harsent,tharsenteg@ted.com,Female,NY,0.911
522,Isidro,Hatter,ihattereh@geocities.com,Male,NY,0.052
523,Car,McGiffin,cmcgiffinei@ifeng.com,Male,MN,0.846
524,Leslie,Forgie,lforgieej@reuters.com,Female,AL,0.839
525,Nealon,Rome,nromeek@go.com,Male,MO,0.075
526,Atlanta,Coady,acoadyel@nymag.com,Female,ND,0.741
527,Ag,Renner,arennerem@hud.gov,Female,DC,0.495
528,Evita,Beggs,ebeggsen@qq.com,Female,CA,0.814
529,Loralee,Bricham,lbrichameo@shutterfly.com,Female,MD,0.568
530,Erminie,Callaby,ecallabyep@cnbc.com,Female,NY,0.775
531,Alexio,Wasmuth,awasmutheq@bbc.co.uk,Male,AZ,0.045
532,Godfree,Ramage,gramageer@yahoo.co.jp,Male,GA,0.197
533,Vassily,Killelea,vkilleleaes@qq.com,Male,IN,0.304
534,Ernesta,Streeter,estreeteret@state.tx.us,Female,CO,0.315
535,Gail,Olpin,golpineu@google.cn,Male,TX,0.883
536,Leonid,Crewe,lcreweev@usa.gov,Male,NY,0.191
537,Giffard,Tatnell,gtatnellew@netlog.com,Male,VA,0.803
538,Zabrina,Sappell,zsappellex@w3.org,Female,HI,0.556
539,Brockie,Lingley,blingleyey@cornell.edu,Male,FL,0.789
540,Ogdan,Latour,olatourez@arstechnica.com,Male,IA,0.581
541,Marcy,O'Halloran,mohalloranf0@vistaprint.com,Female,AL,0.89
542,Daveta,Durn,ddurnf1@vk.com,Female,MN,0.854
543,Thorvald,Richin,trichinf2@bravesites.com,Male,FL,0.91
544,Barrett,McPartling,bmcpartlingf3@last.fm,Male,CA,0.028
545,Neal,Joliffe,njoliffef4@fda.gov,Male,MN,0.963
546,Ofilia,Cleife,ocleifef5@symantec.com,Female,FL,0.637
547,Christalle,Belton,cbeltonf6@ebay.co.uk,Female,CA,0.627
548,Jared,Wagstaff,jwagstafff7@google.com.au,Male,IA,0.897
549,Chelsae,Sandever,csandeverf8@ft.com,Female,LA,0.706
550,Selie,Gipson,sgipsonf9@intel.com,Female,VA,0.066
551,Stanleigh,Picford,spicfordfa@cbslocal.com,Male,VA,0.796
552,Lockwood,Dresse,ldressefb@wikispaces.com,Male,NY,0.215
553,Lancelot,Woolatt,lwoolattfc@ft.com,Male,WA,0.296
554,Isaak,Skillitt,iskillittfd@stumbleupon.com,Male,FL,0.936
555,Viole,Fearnyhough,vfearnyhoughfe@hexun.com,Female,NY,0.704
556,Cull,Deller,cdellerff@google.nl,Male,MI,0.67
557,Shanta,Hornung,shornungfg@msu.edu,Female,FL,0.551
558,Lucita,Mackiewicz,lmackiewiczfh@whitehouse.gov,Female,PA,0.489
559,Tommie,Samsworth,tsamsworthfi@facebook.com,Male,TN,0.342
560,Brody,Conroy,bconroyfj@unesco.org,Male,NC,0.946
561,Kayne,Sellers,ksellersfk@gmpg.org,Male,WI,0.773
562,Madison,Duffan,mduffanfl@wikimedia.org,Male,NY,0.384
563,Dodi,Spink,dspinkfm@paginegialle.it,Female,FL,0.18
564,Zebedee,Zelland,zzellandfn@mozilla.org,Male,VA,0.928
565,Hasty,Runcieman,hrunciemanfo@deliciousdays.com,Male,TX,0.077
566,Genovera,Greendale,ggreendalefp@accuweather.com,Female,TN,0.346
567,Falito,Frazer,ffrazerfq@cloudflare.com,Male,TX,0.322
568,Marie,Ridler,mridlerfr@seesaa.net,Female,TX,0.637
569,Ado,Maskrey,amaskreyfs@spiegel.de,Male,CA,0.067
570,Kathi,Janaszewski,kjanaszewskift@webeden.co.uk,Female,VA,0.674
571,Tyler,Newlan,tnewlanfu@ucsd.edu,Male,IL,0.623
572,King,Blundell,kblundellfv@bloglovin.com,Male,DC,0.835
573,Madison,Zarb,mzarbfw@cnbc.com,Male,TX,0.404
574,Melitta,Brennan,mbrennanfx@usgs.gov,Female,PA,0.397
575,Costanza,Rivalant,crivalantfy@paginegialle.it,Female,LA,0.624
576,Hebert,Ducrow,hducrowfz@icq.com,Male,AL,0.249
577,Maia,Nosworthy,mnosworthyg0@php.net,Female,GA,0.707
578,Donetta,Ottosen,dottoseng1@discovery.com,Female,OH,0.69
579,Rockie,Coale,rcoaleg2@theguardian.com,Male,CA,0.422
580,Zita,Dornan,zdornang3@mashable.com,Female,IL,0.704
581,Thornie,Lanfere,tlanfereg4@seattletimes.com,Male,NV,0.532
582,Julina,Humber,jhumberg5@state.tx.us,Female,VA,0.165
583,Chuck,Blackadder,cblackadderg6@hugedomains.com,Male,MN,0.635
584,Maryl,Getley,mgetleyg7@biglobe.ne.jp,Female,WI,0.363
585,Grata,Birdseye,gbirdseyeg8@guardian.co.uk,Female,PA,0.047
586,Garnet,Larcombe,glarcombeg9@pagesperso-orange.fr,Female,CA,0.177
587,Aili,Robertz,arobertzga@omniture.com,Female,CA,0.253
588,Darby,Melanaphy,dmelanaphygb@google.com.br,Male,AZ,0.85
589,Mandel,Sansun,msansungc@examiner.com,Male,AL,0.01
590,Kimball,Mattson,kmattsongd@last.fm,Male,GA,0.19
591,Izabel,Todd,itoddge@themeforest.net,Female,TX,0.164
592,Stepha,Malpass,smalpassgf@army.mil,Female,TX,0.189
593,Reilly,Parton,rpartongg@mlb.com,Male,NH,0.999
594,Vania,Skingley,vskingleygh@livejournal.com,Female,MO,0.883
595,Selinda,Maclean,smacleangi@github.com,Female,WV,0.642
596,Florian,Riggott,friggottgj@marriott.com,Male,CA,0.289
597,Trumann,Crossfeld,tcrossfeldgk@intel.com,Male,PA,0.053
598,Laurella,Risbridger,lrisbridgergl@desdev.cn,Female,FL,0.098
599,Les,Wanne,lwannegm@plala.or.jp,Male,OH,0.242
600,Jobye,Clear,jcleargn@wp.com,Female,MI,0.155
601,Carolee,Mathet,cmathetgo@bandcamp.com,Female,CA,0.826
602,Jaquelin,Comoletti,jcomolettigp@patch.com,Female,NY,0.223
603,Gavan,Malan,gmalangq@yahoo.com,Male,FL,0.929
604,Celestia,Insoll,cinsollgr@google.com.hk,Female,AZ,0.042
605,Forbes,Kille,fkillegs@sfgate.com,Male,FL,0.743
606,Dael,Brayn,dbrayngt@nba.com,Female,CA,0.585
607,Geno,Gryglewski,ggryglewskigu@engadget.com,Male,IN,0.262
608,Kerwin,Duchesne,kduchesnegv@typepad.com,Male,AZ,0.021
609,Maude,Sumsion,msumsiongw@live.com,Female,TX,0.074
610,Audi,Janicek,ajanicekgx@nps.gov,Female,IA,0.695
611,Dominica,Done,ddonegy@rakuten.co.jp,Female,DC,0.933
612,Anastasia,Farr,afarrgz@washington.edu,Female,AZ,0.955
613,Cordie,Stilling,cstillingh0@sciencedaily.com,Female,MO,0.556
614,Carrie,Blackhurst,cblackhursth1@ocn.ne.jp,Female,NC,0.957
615,Asher,Ruddy,aruddyh2@tumblr.com,Male,DC,0.12
616,Mirabelle,Laxon,mlaxonh3@scribd.com,Female,NM,0.821
617,Arlen,Billingham,abillinghamh4@indiatimes.com,Male,IL,0.47
618,Martie,Klimowski,mklimowskih5@earthlink.net,Female,AZ,0.197
619,Peirce,Ibbison,pibbisonh6@jiathis.com,Male,DC,0.412
620,Blithe,Claibourn,bclaibournh7@home.pl,Female,OH,0.753
621,Virgina,Smalcombe,vsmalcombeh8@technorati.com,Female,PA,0.984
622,Issiah,Antoniazzi,iantoniazzih9@wordpress.org,Male,IN,0.629
623,Hillyer,Weatherhill,hweatherhillha@smh.com.au,Male,AL,0.033
624,Dorelle,Rogez,drogezhb@i2i.jp,Female,IL,0.545
625,Heinrik,Antonelli,hantonellihc@stanford.edu,Male,CA,0.808
626,Brittani,Moatt,bmoatthd@techcrunch.com,Female,AZ,0.66
627,Emeline,Tatum,etatumhe@51.la,Female,AZ,0.911
628,Phip,Yoakley,pyoakleyhf@t.co,Male,NJ,0.02
629,Donn,Heaslip,dheasliphg@ovh.net,Male,DC,0.398
630,Derwin,Shankle,dshanklehh@goo.gl,Male,TX,0.996
631,Kellen,Justun,kjustunhi@vinaora.com,Male,FL,0.495
632,Becky,Motion,bmotionhj@t.co,Female,NY,0.925
633,Barby,Phipard-Shears,bphipardshearshk@disqus.com,Female,MI,0.549
634,Mart,Klemz,mklemzhl@cloudflare.com,Male,AZ,0.073
635,Thomasine,Sommersett,tsommersetthm@imageshack.us,Female,NY,0.465
636,Maurice,Agnew,magnewhn@yellowpages.com,Male,AZ,0.725
637,Sadye,Pavolini,spavoliniho@bizjournals.com,Female,LA,0.531
638,Cosetta,Oswal,coswalhp@sohu.com,Female,TX,0.897
639,Sancho,Hortop,shortophq@technorati.com,Male,VA,0.588
640,Randolf,Albert,ralberthr@pen.io,Male,ID,0.978
641,Carson,Schroder,cschroderhs@shinystat.com,Male,NY,0.524
642,Francene,Sheasby,fsheasbyht@bizjournals.com,Female,NC,0.589
643,Lynnette,Skedgell,lskedgellhu@apache.org,Female,PA,0.408
644,Monro,Petrelluzzi,mpetrelluzzihv@free.fr,Male,OK,0.006
645,Jess,Legrice,jlegricehw@discuz.net,Female,PA,0.678
646,Sonny,Amorine,samorinehx@wikimedia.org,Female,WA,0.647
647,Ferdinanda,Brennans,fbrennanshy@deviantart.com,Female,PA,0.549
648,Merv,Jerschke,mjerschkehz@shinystat.com,Male,OR,0.486
649,Mandie,Jearum,mjearumi0@boston.com,Female,TX,0.994
650,Arlyne,Mooring,amooringi1@amazon.co.uk,Female,CT,0.356
651,Chaddie,Zorro,czorroi2@taobao.com,Male,DC,0.369
652,Fawnia,Spreadbury,fspreadburyi3@ucla.edu,Female,CO,0.524
653,Moshe,Sidey,msideyi4@pagesperso-orange.fr,Male,OR,0.207
654,Dave,Recher,drecheri5@google.com.hk,Male,IL,0.996
655,Avrit,Bonavia,abonaviai6@naver.com,Female,TX,0.213
656,Sam,Sargent,ssargenti7@list-manage.com,Male,MO,0.722
657,Corie,Garrelts,cgarreltsi8@dagondesign.com,Female,NY,0.463
658,Lynn,Gouldie,lgouldiei9@parallels.com,Female,NY,0.443
659,Bradney,Grodden,bgroddenia@discuz.net,Male,MN,0.04
660,Clevey,Crusham,ccrushamib@webs.com,Male,NC,0.346
661,Reginald,Skep,rskepic@weather.com,Male,NE,0.753
662,Kai,Drabble,kdrabbleid@163.com,Female,MA,0.817
663,Aldo,Hunting,ahuntingie@ted.com,Male,AL,0.342
664,Ker,Hounsome,khounsomeif@clickbank.net,Male,NY,0.578
665,Lyman,MacConneely,lmacconneelyig@yolasite.com,Male,TX,0.817
666,Sunny,Bayliss,sbaylissih@about.com,Female,WA,0.562
667,Wit,Mardling,wmardlingii@woothemes.com,Male,DC,0.35
668,Fredericka,Drake,fdrakeij@newyorker.com,Female,CA,0.596
669,Arnie,Kalisz,akaliszik@weebly.com,Male,IL,0.387
670,Westley,Spendlove,wspendloveil@scientificamerican.com,Male,KY,0.612
671,Hastings,Gruszecki,hgruszeckiim@webs.com,Male,TX,0.211
672,Swen,Fellgett,sfellgettin@howstuffworks.com,Male,FL,0.631
673,Kania,Rizzello,krizzelloio@sciencedirect.com,Female,CA,0.284
674,Kingsly,Farans,kfaransip@list-manage.com,Male,AK,0.657
675,Ottilie,McCulloch,omccullochiq@wisc.edu,Female,MA,0.647
676,Nissie,Heams,nheamsir@eventbrite.com,Female,GA,0.129
677,Luciana,Dabling,ldablingis@uol.com.br,Female,IA,0.27
678,Rolando,Shuttleworth,rshuttleworthit@amazon.co.jp,Male,TX,0.139
679,Ree,Perche,rpercheiu@delicious.com,Female,TX,0.122
680,Ketti,Jowett,kjowettiv@fc2.com,Female,CA,0.457
681,Devonna,Bucky,dbuckyiw@weather.com,Female,FL,0.01
682,Kathie,Flieger,kfliegerix@google.com.br,Female,CT,0.322
683,Jacquenette,Perschke,jperschkeiy@netvibes.com,Female,CA,0.456
684,Lucien,Quirk,lquirkiz@networkadvertising.org,Male,ID,0.425
685,Linc,Jeggo,ljeggoj0@infoseek.co.jp,Male,MI,0.759
686,Roxanne,Jozefiak,rjozefiakj1@theguardian.com,Female,TX,0.991
687,Rennie,Adamthwaite,radamthwaitej2@sfgate.com,Female,PA,0.037
688,Ardis,Boykett,aboykettj3@thetimes.co.uk,Female,WA,0.216
689,Renell,Stimson,rstimsonj4@liveinternet.ru,Female,NJ,0.151
690,Edith,O'Kuddyhy,eokuddyhyj5@indiegogo.com,Female,NC,0.177
691,Barry,Oag,boagj6@symantec.com,Female,OH,0.988
692,Jed,MacArd,jmacardj7@gov.uk,Male,WV,0.716
693,Quintilla,Sunock,qsunockj8@nyu.edu,Female,CA,0.523
694,Stesha,Assur,sassurj9@liveinternet.ru,Female,CA,0.988
695,Asa,Ferreira,aferreiraja@t-online.de,Male,KY,0.641
696,Alec,Fallows,afallowsjb@cnbc.com,Male,CA,0.407
697,Luise,Petroselli,lpetrosellijc@e-recht24.de,Female,DC,0.68
698,Ransom,Matthewes,rmatthewesjd@umich.edu,Male,TX,0.899
699,Tomasina,Wolters,twoltersje@xing.com,Female,NY,0.242
700,Rosemaria,Orton,rortonjf@histats.com,Female,TX,0.314
701,Danielle,Nesterov,dnesterovjg@narod.ru,Female,RI,0.487
702,Judith,Cinnamond,jcinnamondjh@youtube.com,Female,NV,0.429
703,Megan,Rait,mraitji@shinystat.com,Female,TX,0.267
704,Allard,Fessler,afesslerjj@wikia.com,Male,CA,0.788
705,Kelcie,Barnfather,kbarnfatherjk@sciencedaily.com,Female,DC,0.271
706,Adelheid,Rigmand,arigmandjl@google.ru,Female,NC,0.873
707,Kameko,Hosburn,khosburnjm@stumbleupon.com,Female,CA,0.801
708,Giavani,Lucchi,glucchijn@nhs.uk,Male,OH,0.445
709,Cynthy,Southorn,csouthornjo@google.ru,Female,TX,0.266
710,Chickie,Sleford,cslefordjp@com.com,Female,AZ,0.041
711,Tan,Sperwell,tsperwelljq@aboutads.info,Male,TX,0.496
712,Elden,Roo,eroojr@newsvine.com,Male,MI,0.382
713,Foss,O'Shea,fosheajs@soundcloud.com,Male,LA,0.974
714,Dukey,Meysham,dmeyshamjt@marketwatch.com,Male,TX,0.303
715,Alli,Sangwine,asangwineju@desdev.cn,Female,CA,0.135
716,Penni,Jouannin,pjouanninjv@blogspot.com,Female,WV,0.211
717,Kristin,Brothwell,kbrothwelljw@businesswire.com,Female,WA,0.828
718,Evania,Lumber,elumberjx@discovery.com,Female,FL,0.943
719,Ellis,Coult,ecoultjy@ftc.gov,Male,CT,0.85
720,Culver,Hallbord,challbordjz@bandcamp.com,Male,TX,0.39
721,Law,Bonnor,lbonnork0@google.com.br,Male,TX,0.794
722,Gus,Sabates,gsabatesk1@squarespace.com,Female,FL,0.997
723,Eustace,Lanceter,elanceterk2@shop-pro.jp,Male,DE,0.444
724,Arabelle,Rummings,arummingsk3@google.nl,Female,AZ,0.201
725,Damon,Wollaston,dwollastonk4@is.gd,Male,FL,0.361
726,Kale,Willows,kwillowsk5@vistaprint.com,Male,MD,0.638
727,Benedetto,Brandino,bbrandinok6@reuters.com,Male,PA,0.425
728,Salmon,Kernley,skernleyk7@gravatar.com,Male,IN,0.723
729,Gilbertine,Quilter,gquilterk8@naver.com,Female,CA,0.622
730,Irv,d' Eye,ideyek9@over-blog.com,Male,FL,0.941
731,Zacherie,Coltan,zcoltanka@geocities.com,Male,MI,0.102
732,Oona,Marskell,omarskellkb@tinypic.com,Female,MD,0.491
733,Joni,Brundall,jbrundallkc@cbslocal.com,Female,TX,0.083
734,Sandy,Went,swentkd@arizona.edu,Female,DC,0.436
735,Pip,Winthrop,pwinthropke@nifty.com,Male,MI,0.942
736,Rik,Godspede,rgodspedekf@digg.com,Male,CO,0.078
737,Tailor,Rogez,trogezkg@w3.org,Male,NY,0.686
738,Becka,Ludlamme,bludlammekh@slate.com,Female,NC,0.033
739,Chrystal,Sketh,cskethki@unc.edu,Female,TX,0.046
740,Fanya,Blagbrough,fblagbroughkj@youtube.com,Female,AZ,0.096
741,Adrian,Chelam,achelamkk@macromedia.com,Male,IA,0.949
742,Ahmed,Kitchiner,akitchinerkl@cyberchimps.com,Male,DC,0.127
743,Gayle,O'Heyne,goheynekm@jimdo.com,Male,CA,0.927
744,Maurice,Howsden,mhowsdenkn@t.co,Male,NE,0.273
745,Catha,Curle,ccurleko@disqus.com,Female,HI,0.966
746,Bowie,Chisolm,bchisolmkp@trellian.com,Male,CA,0.595
747,Kacie,Taplin,ktaplinkq@shinystat.com,Female,TN,0.97
748,Nev,Brasted,nbrastedkr@dropbox.com,Male,PA,0.322
749,Robina,Pinner,rpinnerks@wikipedia.org,Female,FL,0.425
750,Sheryl,Fenlon,sfenlonkt@cargocollective.com,Female,SD,0.669
751,Iris,Antonutti,iantonuttiku@google.com.hk,Female,OH,0.225
752,Chevalier,Paynton,cpayntonkv@mayoclinic.com,Male,GA,0.439
753,Gamaliel,Wherry,gwherrykw@delicious.com,Male,TX,0.448
754,Finlay,Andrick,fandrickkx@reuters.com,Male,DE,0.749
755,Marge,Buckell,mbuckellky@pagesperso-orange.fr,Female,FL,0.178
756,Leonhard,Beaney,lbeaneykz@mayoclinic.com,Male,TX,0.682
757,Brenden,Beesey,bbeeseyl0@yellowpages.com,Male,TX,0.938
758,Jerald,Clipston,jclipstonl1@example.com,Male,OH,0.266
759,Mireielle,Gurys,mgurysl2@php.net,Female,MI,0.526
760,Melloney,Gong,mgongl3@digg.com,Female,NC,0.67
761,Cicely,Doubrava,cdoubraval4@slideshare.net,Female,TX,0.015
762,Gaye,Guerra,gguerral5@timesonline.co.uk,Female,OH,0.014
763,Brook,Schwieso,bschwiesol6@springer.com,Male,DC,0.742
764,Stephie,Widd,swiddl7@dyndns.org,Female,IN,0.995
765,Kerrin,Kidde,kkiddel8@jiathis.com,Female,TX,0.308
766,Ric,Callinan,rcallinanl9@vimeo.com,Male,CA,0.16
767,Angelika,Schwandt,aschwandtla@wufoo.com,Female,TX,0.594
768,Giulietta,Figgins,gfigginslb@twitpic.com,Female,NY,0.64
769,Clifford,Neylon,cneylonlc@imdb.com,Male,VA,0.562
770,Nalani,Stanworth,nstanworthld@webeden.co.uk,Female,NE,0.416
771,Sheffy,Boadby,sboadbyle@sitemeter.com,Male,MA,0.592
772,Normie,Kilroy,nkilroylf@blogspot.com,Male,MO,0.969
773,Jaimie,Surtees,jsurteeslg@php.net,Female,NV,0.284
774,Jsandye,Suggate,jsuggatelh@multiply.com,Female,GA,0.68
775,Budd,Keynes,bkeynesli@wordpress.org,Male,TX,0.098
776,Harman,Drever,hdreverlj@ca.gov,Male,TN,0.315
777,Janelle,Klimecki,jklimeckilk@bluehost.com,Female,IA,0.231
778,Llewellyn,Kwietak,lkwietakll@dot.gov,Male,OK,0.34
779,Enrichetta,Webb-Bowen,ewebbbowenlm@wikimedia.org,Female,OK,0.424
780,Cherida,Curless,ccurlessln@woothemes.com,Female,KS,0.982
781,Shell,Bineham,sbinehamlo@wordpress.com,Male,CA,0.573
782,Domini,Newe,dnewelp@google.pl,Female,WI,0.328
783,Brynna,Fogel,bfogellq@mlb.com,Female,SC,0.587
784,Fernandina,Meers,fmeerslr@howstuffworks.com,Female,TX,0.868
785,Kevan,Hancox,khancoxls@wunderground.com,Male,CA,0.115
786,Peterus,Torrese,ptorreselt@reverbnation.com,Male,FL,0.632
787,Laurice,Barthrop,lbarthroplu@symantec.com,Female,FL,0.836
788,Ardine,Switland,aswitlandlv@smugmug.com,Female,MN,0.127
789,Lottie,Killock,lkillocklw@bigcartel.com,Female,TX,0.559
790,Marianna,Bauduccio,mbauducciolx@microsoft.com,Female,TN,0.084
791,Lilah,Vasyunkin,lvasyunkinly@icio.us,Female,AR,0.854
792,Kelcy,Tregent,ktregentlz@phoca.cz,Female,NH,0.385
793,Isidoro,Shrieve,ishrievem0@go.com,Male,NM,0.779
794,Nicolis,Silman,nsilmanm1@stanford.edu,Male,CA,0.056
795,Merridie,Larmett,mlarmettm2@dailymail.co.uk,Female,OH,0.181
796,Thorny,Lackeye,tlackeyem3@biblegateway.com,Male,CO,0.665
797,Sutherland,Jain,sjainm4@theatlantic.com,Male,FL,0.955
798,Vicky,Moreman,vmoremanm5@slideshare.net,Female,TX,0.336
799,Rowen,Bennington,rbenningtonm6@google.com.hk,Male,AL,0.121
800,Tessy,Roney,troneym7@blogs.com,Female,MA,0.393
801,Erena,Dockrill,edockrillm8@vk.com,Female,KY,0.061
802,Land,Timmis,ltimmism9@infoseek.co.jp,Male,FL,0.954
803,Nariko,Krause,nkrausema@pen.io,Female,PA,0.922
804,Jdavie,Creagh,jcreaghmb@yelp.com,Male,TX,0.933
805,Haywood,Terran,hterranmc@php.net,Male,GA,0.752
806,Albertine,Ruggiero,aruggieromd@diigo.com,Female,VA,0.806
807,Hedwig,Taudevin,htaudevinme@msn.com,Female,VA,0.697
808,Paulie,McLaine,pmclainemf@bbc.co.uk,Female,CA,0.143
809,Aurelie,Styan,astyanmg@go.com,Female,OR,0.591
810,Chas,Chinge de Hals,cchingedehalsmh@imdb.com,Male,CT,0.293
811,Sadella,Rudham,srudhammi@marketwatch.com,Female,MO,0.379
812,Hillyer,Janatka,hjanatkamj@tripadvisor.com,Male,KS,0.944
813,Thia,Noteyoung,tnoteyoungmk@ezinearticles.com,Female,VA,0.365
814,Waite,Savill,wsavillml@imdb.com,Male,AL,0.574
815,Mozes,Rosthorn,mrosthornmm@soundcloud.com,Male,VA,0.135
816,Raddy,Alphonso,ralphonsomn@tumblr.com,Male,SC,0.566
817,Tilly,Dale,tdalemo@sohu.com,Female,NJ,0.468
818,Gilles,Stansall,gstansallmp@sogou.com,Male,DE,0.928
819,Fayina,Gumey,fgumeymq@wired.com,Female,WA,0.671
820,Yetty,Abelson,yabelsonmr@redcross.org,Female,PA,0.575
821,Elsa,Balden,ebaldenms@nature.com,Female,FL,0.425
822,Reidar,Litchfield,rlitchfieldmt@globo.com,Male,FL,0.959
823,Hana,Freckelton,hfreckeltonmu@howstuffworks.com,Female,CA,0.011
824,Berti,Leppington,bleppingtonmv@gov.uk,Male,CA,0.224
825,Elmo,Locket,elocketmw@typepad.com,Male,NC,0.002
826,Jillian,Shergill,jshergillmx@rediff.com,Female,FL,0.121
827,Bess,Fogt,bfogtmy@nsw.gov.au,Female,CO,0.104
828,Kary,Finlay,kfinlaymz@netscape.com,Female,AL,0.706
829,Horst,McTear,hmctearn0@vkontakte.ru,Male,NY,0.843
830,Bridget,Kliemke,bkliemken1@cafepress.com,Female,IL,0.787
831,Guthry,Aulds,gauldsn2@google.fr,Male,CA,0.245
832,Cathee,Szepe,cszepen3@google.nl,Female,IL,0.037
833,Jud,Slyne,jslynen4@uol.com.br,Male,TX,0.288
834,Lothaire,Custed,lcustedn5@squarespace.com,Male,OH,0.151
835,Otis,Ferson,ofersonn6@loc.gov,Male,NY,0.407
836,Shirl,Brixey,sbrixeyn7@narod.ru,Female,ND,0.725
837,Wynn,Jerzak,wjerzakn8@census.gov,Male,CA,0.693
838,Tiphany,Mahood,tmahoodn9@1688.com,Female,LA,0.078
839,Mersey,Josifovic,mjosifovicna@marketwatch.com,Female,WI,0.697
840,Reggie,Leathwood,rleathwoodnb@about.com,Female,NJ,0.893
841,Meryl,Gabbitis,mgabbitisnc@ameblo.jp,Female,TX,0.963
842,Morgun,De Laci,mdelacind@meetup.com,Male,CA,0.078
843,Corabelle,How,chowne@senate.gov,Female,FL,0.027
844,Christi,Drust,cdrustnf@yahoo.co.jp,Female,CA,0.085
845,Yardley,Koppes,ykoppesng@cloudflare.com,Male,AL,0.523
846,Val,Yateman,vyatemannh@topsy.com,Male,DC,0.057
847,Riley,Farragher,rfarragherni@princeton.edu,Male,FL,0.501
848,Gisella,Decourcy,gdecourcynj@nature.com,Female,VA,0.262
849,Malinde,Goldring,mgoldringnk@goo.gl,Female,WA,0.321
850,Percival,Mulvihill,pmulvihillnl@etsy.com,Male,NV,0.953
851,Philippine,La Vigne,plavignenm@ucoz.ru,Female,TN,0.466
852,Siusan,Hasselby,shasselbynn@tumblr.com,Female,MI,0.902
853,Trip,Coates,tcoatesno@photobucket.com,Male,AK,0.796
854,Wenda,Ardley,wardleynp@slashdot.org,Female,DC,0.303
855,Hilary,Zammett,hzammettnq@craigslist.org,Male,TX,0.057
856,Parke,Arnott,parnottnr@timesonline.co.uk,Male,GA,0.896
857,Ramsey,MacPhail,rmacphailns@ted.com,Male,UT,0.546
858,Anthony,Vasyukhichev,avasyukhichevnt@ning.com,Male,PA,0.885
859,Elvina,Gioani,egioaninu@wikispaces.com,Female,GA,0.983
860,Chev,Sprankling,cspranklingnv@rediff.com,Male,IL,0.419
861,Fionnula,Glazebrook,fglazebrooknw@sciencedaily.com,Female,MO,0.016
862,Bone,McConnel,bmcconnelnx@examiner.com,Male,TN,0.259
863,Gregoor,Steptow,gsteptowny@vistaprint.com,Male,MS,0.438
864,Benedicta,Bembrick,bbembricknz@berkeley.edu,Female,TN,0.923
865,Cordi,Brower,cbrowero0@howstuffworks.com,Female,TX,0.538
866,Roobbie,Marns,rmarnso1@uiuc.edu,Female,TX,0.899
867,Nelli,Moat,nmoato2@symantec.com,Female,OR,0.347
868,Ambros,Guerro,aguerroo3@imageshack.us,Male,AZ,0.368
869,Benjie,McKeeman,bmckeemano4@earthlink.net,Male,NJ,0.312
870,Alaric,Cawston,acawstono5@netlog.com,Male,FL,0.309
871,Merle,Hartwell,mhartwello6@yolasite.com,Female,VA,0.605
872,Joane,Broadbury,jbroadburyo7@businessinsider.com,Female,CT,0.654
873,Valli,Timlett,vtimletto8@skype.com,Female,AK,0.09
874,Wendye,Marron,wmarrono9@epa.gov,Female,LA,0.628
875,Lauryn,Yukhov,lyukhovoa@ft.com,Female,CA,0.208
876,Roselle,Scottesmoor,rscottesmoorob@lycos.com,Female,NY,0.985
877,Shelbi,Ramsby,sramsbyoc@privacy.gov.au,Female,OH,0.18
878,Farica,Esche,fescheod@cdbaby.com,Female,MA,0.788
879,Elfie,Yeowell,eyeowelloe@simplemachines.org,Female,TX,0.2
880,Vivyanne,Gawn,vgawnof@vinaora.com,Female,CA,0.544
881,Edee,Tibald,etibaldog@reverbnation.com,Female,MO,0.393
882,Stanford,Thebeaud,sthebeaudoh@lycos.com,Male,SC,0.328
883,Sauveur,Sandy,ssandyoi@toplist.cz,Male,DC,0.133
884,Sabra,Hallward,shallwardoj@rediff.com,Female,WI,0.173
885,Lynsey,Pranger,lprangerok@desdev.cn,Female,IL,0.229
886,Augustus,Grimsell,agrimsellol@php.net,Male,UT,0.619
887,Moe,Simic,msimicom@live.com,Male,KY,0.886
888,Morry,Spoors,mspoorson@ask.com,Male,AZ,0.339
889,Keely,Petofi,kpetofioo@icq.com,Female,WA,0.234
890,Land,Callicott,lcallicottop@wunderground.com,Male,SC,0.732
891,Pammie,Dmitr,pdmitroq@msn.com,Female,VA,0.308
892,Zulema,Burriss,zburrissor@amazon.com,Female,PA,0.56
893,Christel,Sopper,csopperos@theguardian.com,Female,CA,0.654
894,Kiersten,Azema,kazemaot@altervista.org,Female,CO,0.706
895,Madelena,Areles,marelesou@wix.com,Female,UT,0.615
896,Valera,Rotlauf,vrotlaufov@cbsnews.com,Female,KY,0.921
897,Sky,Brasseur,sbrasseurow@yelp.com,Male,AK,0.709
898,Cher,Ropars,croparsox@ft.com,Female,FL,0.643
899,Maude,Foucar,mfoucaroy@psu.edu,Female,MI,0.037
900,Kingsly,Banishevitz,kbanishevitzoz@vistaprint.com,Male,NY,0.114
901,Ranee,Burgise,rburgisep0@oracle.com,Female,ID,0.054
902,Angeline,O'Neill,aoneillp1@indiegogo.com,Female,MO,0.309
903,Aundrea,Haynesford,ahaynesfordp2@simplemachines.org,Female,GA,0.09
904,Berkeley,Kohnen,bkohnenp3@europa.eu,Male,MI,0.966
905,Evangeline,Claesens,eclaesensp4@ibm.com,Female,FL,0.938
906,Trude,Bohills,tbohillsp5@chicagotribune.com,Female,ID,0.245
907,Sunny,Brownbridge,sbrownbridgep6@stanford.edu,Male,NV,0.819
908,Lisa,Rodbourne,lrodbournep7@blogspot.com,Female,NC,0.674
909,Orson,Tofanini,otofaninip8@ibm.com,Male,CA,0.213
910,Abba,Gladbach,agladbachp9@liveinternet.ru,Male,NY,0.165
911,Paulette,Chanson,pchansonpa@sbwire.com,Female,DC,0.315
912,Sigismondo,Hefferan,shefferanpb@fema.gov,Male,CA,0.841
913,Antonino,Zorro,azorropc@sciencedaily.com,Male,CA,0.81
914,Andre,Lamble,alamblepd@privacy.gov.au,Male,PA,0.745
915,Crista,Pettit,cpettitpe@sbwire.com,Female,AL,0.644
916,Valida,Bligh,vblighpf@pbs.org,Female,NC,0.519
917,Goraud,Rigge,griggepg@paginegialle.it,Male,CO,0.365
918,Caesar,Signore,csignoreph@woothemes.com,Male,CA,0.58
919,Keslie,Freckingham,kfreckinghampi@slate.com,Female,MN,0.147
920,Delphine,Mead,dmeadpj@about.com,Female,CA,0.458
921,Kyle,Reame,kreamepk@dot.gov,Male,IL,0.38
922,Abner,Honack,ahonackpl@theatlantic.com,Male,TX,0.728
923,Jaclyn,Sainsberry,jsainsberrypm@clickbank.net,Female,AL,0.469
924,Suzanna,Hannaway,shannawaypn@vk.com,Female,FL,0.174
925,Consalve,Gaughan,cgaughanpo@intel.com,Male,KS,0.846
926,Obadias,Jezzard,ojezzardpp@live.com,Male,NY,0.179
927,Inigo,Saltsberg,isaltsbergpq@sogou.com,Male,VA,0.581
928,Heda,Fedder,hfedderpr@boston.com,Female,FL,0.426
929,Marion,Merrydew,mmerrydewps@discovery.com,Male,NJ,0.227
930,Shena,Dilgarno,sdilgarnopt@aboutads.info,Female,MD,0.621
931,Desmond,Hoffman,dhoffmanpu@surveymonkey.com,Male,AL,0.79
932,Ferrell,Arnoldi,farnoldipv@archive.org,Male,TX,0.579
933,Orlando,Eddy,oeddypw@vk.com,Male,DC,0.425
934,Katerina,Marcome,kmarcomepx@ovh.net,Female,LA,0.288
935,Willette,Brisard,wbrisardpy@xrea.com,Female,CA,0.663
936,Nan,Chang,nchangpz@123-reg.co.uk,Female,TX,0.063
937,Joshia,Fawdrey,jfawdreyq0@hc360.com,Male,MA,0.343
938,Jeff,Loude,jloudeq1@altervista.org,Male,CA,0.011
939,Cele,Ceccoli,cceccoliq2@howstuffworks.com,Female,IL,0.828
940,Joellen,Butterwick,jbutterwickq3@simplemachines.org,Female,VA,0.075
941,Rosemaria,Franzotto,rfranzottoq4@ibm.com,Female,FL,0.742
942,Sally,Segar,ssegarq5@epa.gov,Female,NC,0.368
943,Barr,Guidoni,bguidoniq6@mediafire.com,Male,CA,0.578
944,Alick,Vyse,avyseq7@ca.gov,Male,IA,0.041
945,Valery,Vasenkov,vvasenkovq8@ebay.co.uk,Female,PA,0.652
946,Dicky,Kilbee,dkilbeeq9@icio.us,Male,AZ,0.905
947,Silvan,Twinborough,stwinboroughqa@yelp.com,Male,OH,0.274
948,Almira,Philcox,aphilcoxqb@indiatimes.com,Female,TN,0.071
949,Chandal,Nower,cnowerqc@wordpress.org,Female,TX,0.264
950,Terry,Hannis,thannisqd@umich.edu,Male,OH,0.148
951,Huntington,Annandale,hannandaleqe@purevolume.com,Male,CA,0.434
952,Deck,Brashaw,dbrashawqf@rediff.com,Male,TN,0.049
953,Nonah,Jorden,njordenqg@dailymotion.com,Female,FL,0.47
954,Ashby,Lemmanbie,alemmanbieqh@dagondesign.com,Male,AL,0.487
955,Marcia,Maddie,mmaddieqi@weebly.com,Female,WV,0.173
956,Rosalind,Burles,rburlesqj@foxnews.com,Female,TX,0.69
957,Wyndham,Cesconi,wcesconiqk@xrea.com,Male,TN,0.677
958,Benito,Balsellie,bbalsellieql@noaa.gov,Male,OR,0.812
959,Hartwell,Flintoft,hflintoftqm@mit.edu,Male,WV,0.745
960,Pembroke,Bayfield,pbayfieldqn@mediafire.com,Male,NE,0.743
961,Riccardo,Faughny,rfaughnyqo@earthlink.net,Male,CA,0.107
962,Mame,Iiannoni,miiannoniqp@va.gov,Female,FL,0.796
963,Mortie,Thurborn,mthurbornqq@bigcartel.com,Male,PA,0.713
964,Adelle,Laviste,alavisteqr@amazon.com,Female,TX,0.863
965,Isadore,Stokoe,istokoeqs@techcrunch.com,Male,GA,0.771
966,Fidelio,Frie,ffrieqt@list-manage.com,Male,MI,0.436
967,Xylina,Kaspar,xkasparqu@ameblo.jp,Female,IN,0.862
968,Ignatius,Rosenfelder,irosenfelderqv@ebay.co.uk,Male,IN,0.419
969,Hermione,Garlicke,hgarlickeqw@toplist.cz,Female,NY,0.226
970,Sharona,Siggins,ssigginsqx@sfgate.com,Female,CA,0.56
971,Bessie,Maciak,bmaciakqy@google.cn,Female,IL,0.284
972,Mavis,Thorn,mthornqz@alibaba.com,Female,AL,0.011
973,Misti,Berrecloth,mberreclothr0@dailymotion.com,Female,VA,0.908
974,Vick,Gravenall,vgravenallr1@deliciousdays.com,Male,NY,0.174
975,Maggy,Andrez,mandrezr2@goo.ne.jp,Female,MO,0.892
976,Kirsten,Cordall,kcordallr3@pcworld.com,Female,MN,0.828
977,Hertha,Davio,hdavior4@posterous.com,Female,NC,0.384
978,Kennett,Jefferson,kjeffersonr5@barnesandnoble.com,Male,TX,0.368
979,Isahella,O'Ruane,ioruaner6@tamu.edu,Female,OK,0.941
980,Valry,Duffil,vduffilr7@ustream.tv,Female,CO,0.761
981,Leighton,Eathorne,leathorner8@buzzfeed.com,Male,AZ,0.555
982,Ernst,Chaplyn,echaplynr9@ibm.com,Male,GA,0.866
983,Hyacintha,Girardey,hgirardeyra@edublogs.org,Female,CA,0.336
984,Jonah,Dibbs,jdibbsrb@ebay.co.uk,Male,TX,0.729
985,Hilly,Mauger,hmaugerrc@com.com,Male,NY,0.543
986,Rustie,Derks,rderksrd@chicagotribune.com,Male,TN,0.665
987,Terrence,Kopmann,tkopmannre@time.com,Male,IA,0.259
988,Eldon,Antoniades,eantoniadesrf@bloglovin.com,Male,DC,0.33
989,Elberta,Gillison,egillisonrg@simplemachines.org,Female,NC,0.504
990,Byrann,Dearnly,bdearnlyrh@deliciousdays.com,Male,WI,0.496
991,Dacy,Book,dbookri@springer.com,Female,SC,0.148
992,Shepherd,Fowles,sfowlesrj@usgs.gov,Male,GA,0.148
993,Grace,Alvar,galvarrk@whitehouse.gov,Male,MD,0.064
994,Alic,Helian,ahelianrl@mit.edu,Male,UT,0.965
995,Miriam,Tyzack,mtyzackrm@guardian.co.uk,Female,NC,0.88
996,Jason,Verbeke,jverbekern@symantec.com,Male,CT,0.868
997,Amble,Kirgan,akirganro@home.pl,Male,DC,0.971
998,Cedric,Montilla,cmontillarp@tinypic.com,Male,TX,0.134
999,Vivianna,Fominov,vfominovrq@ocn.ne.jp,Female,NY,0.506
1000,Coralyn,Klicher,cklicherrr@gravatar.com,Female,AZ,0.589
